<?xml version="1.0"?>
<config xmlns:xsi="http://www.w3.org/2001/XMLSchema-instance" xsi:noNamespaceSchemaLocation="urn:magento:framework:ObjectManager/etc/config.xsd">
    <type name="Fiserv\Gateway\Logger\Handler">
        <arguments>
            <argument name="filesystem" xsi:type="object">Magento\Framework\Filesystem\Driver\File</argument>
        </arguments>
    </type>
    <type name="Fiserv\Gateway\Logger\Logger">
        <arguments>
            <argument name="name" xsi:type="string">Fiserv Logger</argument>
            <argument name="handlers"  xsi:type="array">
                <item name="system" xsi:type="object">Fiserv\Gateway\Logger\Handler</item>
            </argument>
        </arguments>
    </type>	
	<type name="Magento\Framework\Session\SessionStartChecker">
        <plugin name="TransparentSessionChecker" type="Fiserv\Gateway\Plugin\TransparentSessionChecker"/>
    </type>

</config>
